{
  "dataset": {
    "metadata": {
      "total_records": 5,
      "fields": [
        "nombre",
        "apellido1",
        "apellido2",
        "direccion",
        "edad",
        "activo"
      ],
      "generated_by": "CSV to JSON Converter"
    },
    "records": [
      {
        "nombre": "Mario",
        "apellido1": "Aguero",
        "apellido2": "Lopez",
        "direccion": "San Jose",
        "edad": 38,
        "activo": true
      },
      {
        "nombre": "Ana",
        "apellido1": "Rodriguez",
        "apellido2": "Martinez",
        "direccion": "Cartago",
        "edad": 25,
        "activo": false
      },
      {
        "nombre": "Carlos",
        "apellido1": "Vargas",
        "apellido2": "Jimenez",
        "direccion": "Heredia",
        "edad": 42,
        "activo": true
      },
      {
        "nombre": "Maria",
        "apellido1": "Castro",
        "apellido2": "Gonzalez",
        "direccion": "Alajuela",
        "edad": 35,
        "activo": true
      },
      {
        "nombre": "Jose",
        "apellido1": "Morales",
        "apellido2": "Fernandez",
        "direccion": "Puntarenas",
        "edad": 29,
        "activo": false
      }
    ]
  }
}