<?xml version="1.0" ?>
<dataset>
  <record id="1">
    <nombre>Mario</nombre>
    <apellido1>Aguero</apellido1>
    <apellido2>Lopez</apellido2>
    <direccion>San Jose</direccion>
    <edad>38</edad>
    <activo>true</activo>
  </record>
  <record id="2">
    <nombre>Ana</nombre>
    <apellido1>Rodriguez</apellido1>
    <apellido2>Martinez</apellido2>
    <direccion>Cartago</direccion>
    <edad>25</edad>
    <activo>false</activo>
  </record>
  <record id="3">
    <nombre>Carlos</nombre>
    <apellido1>Vargas</apellido1>
    <apellido2>Jimenez</apellido2>
    <direccion>Heredia</direccion>
    <edad>42</edad>
    <activo>true</activo>
  </record>
  <record id="4">
    <nombre>Maria</nombre>
    <apellido1>Castro</apellido1>
    <apellido2>Gonzalez</apellido2>
    <direccion>Alajuela</direccion>
    <edad>35</edad>
    <activo>true</activo>
  </record>
  <record id="5">
    <nombre>Jose</nombre>
    <apellido1>Morales</apellido1>
    <apellido2>Fernandez</apellido2>
    <direccion>Puntarenas</direccion>
    <edad>29</edad>
    <activo>false</activo>
  </record>
</dataset>